{
  "baselines": {
    "pieman": {
      "word_rate_mean_r": 0.021146199224634586,
      "lexical_len_mean_r": 0.013152102546445917
    },
    "tunnel": {
      "word_rate_mean_r": 0.016466165207305598,
      "lexical_len_mean_r": 0.03151864663975526
    },
    "holdout_lucy": {
      "word_rate_mean_r": 0.0966947149136891,
      "lexical_len_mean_r": -0.0015275396946065945
    }
  },
  "train_stories": [
    "pieman",
    "tunnel"
  ],
  "holdout_stories": [
    "lucy",
    "lucy"
  ],
  "target_mode": "pca",
  "n_train": 45,
  "n_val": 23,
  "probe_origin": "narratives_fMRI_synthetic_minimal",
  "narratives_root": ".\\data\\narratives_minimal",
  "val_mse": 0.17633353560434087,
  "val_r_valence": -0.39272634674567136,
  "val_r_arousal": -0.021671861195557283,
  "model": "distilgpt2"
}